{
  "dataset_path": "artifacts/datasets/openrouter_intent_features.csv",
  "families": {
    "all": {
      "n_features": 33,
      "threshold": 0.31606135889691755,
      "auprc": 0.8331757680567285,
      "auprc_ci95": [
        0.8048722099174773,
        0.8608855896211335
      ],
      "f1": 0.7959183673469388,
      "accuracy": 0.762641898864809,
      "confusion_matrix": [
        [
          581,
          378
        ],
        [
          82,
          897
        ]
      ],
      "precision_at_k": {
        "p@1": 0.8421052631578947,
        "p@5": 0.9278350515463918,
        "p@10": 0.9072164948453608
      }
    },
    "timing_only": {
      "n_features": 13,
      "threshold": 0.38747732142837704,
      "auprc": 0.8171544940677241,
      "auprc_ci95": [
        0.7878728781569679,
        0.84589414034635
      ],
      "f1": 0.7981351981351982,
      "accuracy": 0.7765737874097007,
      "confusion_matrix": [
        [
          649,
          310
        ],
        [
          123,
          856
        ]
      ],
      "precision_at_k": {
        "p@1": 0.8421052631578947,
        "p@5": 0.845360824742268,
        "p@10": 0.8865979381443299
      }
    },
    "size_only": {
      "n_features": 17,
      "threshold": 0.40975128792771565,
      "auprc": 0.7766508893370945,
      "auprc_ci95": [
        0.7451849101814905,
        0.8061019772356858
      ],
      "f1": 0.7454460532461467,
      "accuracy": 0.7187822497420021,
      "confusion_matrix": [
        [
          595,
          364
        ],
        [
          181,
          798
        ]
      ],
      "precision_at_k": {
        "p@1": 0.8421052631578947,
        "p@5": 0.8041237113402062,
        "p@10": 0.8505154639175257
      }
    },
    "token_only": {
      "n_features": 1,
      "threshold": 0.5,
      "auprc": 0.5051599587203303,
      "auprc_ci95": [
        0.4840041279669763,
        0.5252837977296182
      ],
      "f1": 0.6712375728488172,
      "accuracy": 0.5051599587203303,
      "confusion_matrix": [
        [
          0,
          959
        ],
        [
          0,
          979
        ]
      ],
      "precision_at_k": {
        "p@1": 0.5263157894736842,
        "p@5": 0.5463917525773195,
        "p@10": 0.5618556701030928
      }
    },
    "timing_plus_size": {
      "n_features": 30,
      "threshold": 0.3436943116717563,
      "auprc": 0.830096325364986,
      "auprc_ci95": [
        0.8007055714040361,
        0.8577401431632888
      ],
      "f1": 0.8032712403452976,
      "accuracy": 0.7765737874097007,
      "confusion_matrix": [
        [
          621,
          338
        ],
        [
          95,
          884
        ]
      ],
      "precision_at_k": {
        "p@1": 0.8421052631578947,
        "p@5": 0.9072164948453608,
        "p@10": 0.8969072164948454
      }
    },
    "no_token_counts": {
      "n_features": 32,
      "threshold": 0.3160613588969537,
      "auprc": 0.8331757680567285,
      "auprc_ci95": [
        0.8048722099174773,
        0.8608855896211335
      ],
      "f1": 0.7959183673469388,
      "accuracy": 0.762641898864809,
      "confusion_matrix": [
        [
          581,
          378
        ],
        [
          82,
          897
        ]
      ],
      "precision_at_k": {
        "p@1": 0.8421052631578947,
        "p@5": 0.9278350515463918,
        "p@10": 0.9072164948453608
      }
    }
  },
  "env_versions": {
    "python": "3.12.12",
    "numpy": "1.26.4",
    "pandas": "3.0.1",
    "sklearn": "1.8.0",
    "xgboost": "3.2.0",
    "lightgbm": "4.6.0",
    "torch": "2.10.0",
    "pyyaml": "6.0.3"
  }
}