{
  "lstm": {
    "threshold_best_f1": {
      "threshold": 0.42795509099960327,
      "auprc": 0.8254066011203502,
      "auprc_ci95": [
        0.797909774939569,
        0.8554109028354379
      ],
      "f1": 0.8501805054151624,
      "accuracy": 0.8286893704850361,
      "confusion_matrix": [
        [
          664,
          295
        ],
        [
          37,
          942
        ]
      ],
      "precision_at_k": {
        "p@1": 0.5789473652839661,
        "p@5": 0.7835051417350769,
        "p@10": 0.8608247637748718
      }
    },
    "threshold_target_precision_0.90": {
      "threshold": 0.8284932971000671,
      "auprc": 0.8254066011203502,
      "auprc_ci95": [
        0.797909774939569,
        0.8554109028354379
      ],
      "f1": 0.0,
      "accuracy": 0.49484004127966974,
      "confusion_matrix": [
        [
          959,
          0
        ],
        [
          979,
          0
        ]
      ],
      "precision_at_k": {
        "p@1": 0.5789473652839661,
        "p@5": 0.7835051417350769,
        "p@10": 0.8608247637748718
      }
    },
    "shape": {
      "train": [
        8989,
        1024,
        2
      ],
      "val": [
        1929,
        1024,
        2
      ],
      "test": [
        1938,
        1024,
        2
      ]
    }
  },
  "model_config": {
    "epochs": 8,
    "batch_size": 64,
    "hidden_size": 64,
    "num_layers": 1,
    "lr": 0.001,
    "max_len": 1024
  },
  "env_versions": {
    "python": "3.12.12",
    "numpy": "1.26.4",
    "pandas": "3.0.1",
    "sklearn": "1.8.0",
    "xgboost": "3.2.0",
    "lightgbm": "4.6.0",
    "torch": "2.10.0",
    "pyyaml": "6.0.3"
  }
}