{
  "lstm": {
    "threshold_best_f1": {
      "threshold": 0.49098682403564453,
      "auprc": 0.81998628975433,
      "roc_auc": 0.8718798629403074,
      "auprc_ci95": [
        0.7917309450324588,
        0.8478589456652407
      ],
      "f1": 0.8410117434507678,
      "accuracy": 0.8183694530443757,
      "precision": 0.7538461538461538,
      "recall": 0.95097037793667,
      "confusion_matrix": [
        [
          655,
          304
        ],
        [
          48,
          931
        ]
      ],
      "precision_at_k": {
        "p@1": 0.7368420958518982,
        "p@5": 0.876288652420044,
        "p@10": 0.8453608155250549
      }
    },
    "threshold_target_precision_0.90": {
      "threshold": 0.5,
      "auprc": 0.81998628975433,
      "roc_auc": 0.8718798629403074,
      "auprc_ci95": [
        0.7917309450324588,
        0.8478589456652407
      ],
      "f1": 0.8439201451905626,
      "accuracy": 0.8224974200206399,
      "precision": 0.7591836734693878,
      "recall": 0.9499489274770173,
      "confusion_matrix": [
        [
          664,
          295
        ],
        [
          49,
          930
        ]
      ],
      "precision_at_k": {
        "p@1": 0.7368420958518982,
        "p@5": 0.876288652420044,
        "p@10": 0.8453608155250549
      }
    },
    "shape": {
      "train": [
        8989,
        1024,
        2
      ],
      "val": [
        1929,
        1024,
        2
      ],
      "test": [
        1938,
        1024,
        2
      ]
    },
    "best_epoch": 8,
    "best_val_auprc": 0.792154051550885
  },
  "model_config": {
    "epochs": 8,
    "batch_size": 64,
    "hidden_size": 64,
    "num_layers": 1,
    "lr": 0.001,
    "weight_decay": 0.0,
    "dropout": 0.0,
    "bidirectional": false,
    "pooling": "last",
    "scheduler": "none",
    "early_stop_patience": 0,
    "min_epochs": 1,
    "grad_clip": 0.0,
    "device": "cpu",
    "max_len": 1024,
    "log1p_inputs": false,
    "normalize_inputs": false,
    "normalization_mean": [
      0.0,
      0.0
    ],
    "normalization_std": [
      1.0,
      1.0
    ]
  },
  "env_versions": {
    "python": "3.12.12",
    "numpy": "1.26.4",
    "pandas": "3.0.1",
    "sklearn": "1.8.0",
    "xgboost": "3.2.0",
    "lightgbm": "4.6.0",
    "torch": "2.10.0",
    "pyyaml": "6.0.3"
  }
}