{
  "dataset_path": "artifacts/datasets/openrouter_intent_features.csv",
  "feature_count": 33,
  "feature_columns": [
    "packet_count",
    "size_mean",
    "size_std",
    "size_min",
    "size_max",
    "time_mean",
    "time_std",
    "time_min",
    "time_max",
    "size_entropy",
    "time_entropy",
    "size_run_mean",
    "size_run_max",
    "time_run_count",
    "time_run_mean",
    "time_run_max",
    "response_token_count_empty_pct",
    "temperature",
    "size_q10",
    "size_q25",
    "size_q50",
    "size_q75",
    "size_q90",
    "time_q10",
    "time_q25",
    "time_q50",
    "time_q75",
    "time_q90",
    "size_top1",
    "size_top2",
    "size_top3",
    "size_top4",
    "size_top5"
  ],
  "class_weight_train": {
    "0": 1.0050313059033988,
    "1": 0.9950188177994244
  },
  "models": {
    "dummy_prior": {
      "threshold": 0.5,
      "auprc": 0.5051599587203303,
      "roc_auc": 0.5,
      "auprc_ci95": [
        0.4840041279669763,
        0.5252837977296182
      ],
      "f1": 0.6712375728488172,
      "f1_ci95": [
        0.6522948539638387,
        0.6887686062246279
      ],
      "accuracy": 0.5051599587203303,
      "precision": 0.5051599587203303,
      "recall": 1.0,
      "confusion_matrix": [
        [
          0,
          959
        ],
        [
          0,
          979
        ]
      ],
      "precision_at_k": {
        "p@1": 0.5263157894736842,
        "p@5": 0.5463917525773195,
        "p@10": 0.5618556701030928
      }
    },
    "logreg": {
      "threshold_best_f1": {
        "threshold": 0.31606135889691755,
        "auprc": 0.8331757680567285,
        "roc_auc": 0.8653432190707676,
        "auprc_ci95": [
          0.8048722099174773,
          0.8608855896211335
        ],
        "f1": 0.7959183673469388,
        "f1_ci95": [
          0.7787780709015442,
          0.8121590122228811
        ],
        "accuracy": 0.762641898864809,
        "precision": 0.7035294117647058,
        "recall": 0.916241062308478,
        "confusion_matrix": [
          [
            581,
            378
          ],
          [
            82,
            897
          ]
        ],
        "precision_at_k": {
          "p@1": 0.8421052631578947,
          "p@5": 0.9278350515463918,
          "p@10": 0.9072164948453608
        }
      },
      "threshold_target_precision_0.90": {
        "threshold": 0.5,
        "auprc": 0.8331757680567285,
        "roc_auc": 0.8653432190707676,
        "auprc_ci95": [
          0.8048722099174773,
          0.8608855896211335
        ],
        "f1": 0.7956431535269709,
        "f1_ci95": [
          0.7754161002891405,
          0.8149027788171318
        ],
        "accuracy": 0.7966976264189887,
        "precision": 0.8082191780821918,
        "recall": 0.7834525025536262,
        "confusion_matrix": [
          [
            777,
            182
          ],
          [
            212,
            767
          ]
        ],
        "precision_at_k": {
          "p@1": 0.8421052631578947,
          "p@5": 0.9278350515463918,
          "p@10": 0.9072164948453608
        }
      }
    },
    "svm_linear": {
      "threshold_best_f1": {
        "threshold": 0.35191260580732425,
        "auprc": 0.8347246207604134,
        "roc_auc": 0.8659695098635475,
        "auprc_ci95": [
          0.8070721338838163,
          0.8631674750429517
        ],
        "f1": 0.8043576940535633,
        "f1_ci95": [
          0.7869223879117826,
          0.8209758735572292
        ],
        "accuracy": 0.7776057791537667,
        "precision": 0.7238562091503268,
        "recall": 0.9050051072522982,
        "confusion_matrix": [
          [
            621,
            338
          ],
          [
            93,
            886
          ]
        ],
        "precision_at_k": {
          "p@1": 0.7894736842105263,
          "p@5": 0.9278350515463918,
          "p@10": 0.9020618556701031
        }
      },
      "threshold_target_precision_0.90": {
        "threshold": 0.5,
        "auprc": 0.8347246207604134,
        "roc_auc": 0.8659695098635475,
        "auprc_ci95": [
          0.8070721338838163,
          0.8631674750429517
        ],
        "f1": 0.7983581323755772,
        "f1_ci95": [
          0.7779476690733738,
          0.818090880983432
        ],
        "accuracy": 0.7972136222910217,
        "precision": 0.8020618556701031,
        "recall": 0.7946884576098059,
        "confusion_matrix": [
          [
            767,
            192
          ],
          [
            201,
            778
          ]
        ],
        "precision_at_k": {
          "p@1": 0.7894736842105263,
          "p@5": 0.9278350515463918,
          "p@10": 0.9020618556701031
        }
      }
    },
    "svm_rbf": {
      "threshold_best_f1": {
        "threshold": 0.37737536017458534,
        "auprc": 0.8731324219231372,
        "roc_auc": 0.8916239997188081,
        "auprc_ci95": [
          0.8502242524493558,
          0.895042139598305
        ],
        "f1": 0.8241444866920152,
        "f1_ci95": [
          0.8076169602202699,
          0.8402099150641829
        ],
        "accuracy": 0.8090815273477813,
        "precision": 0.7706666666666667,
        "recall": 0.8855975485188968,
        "confusion_matrix": [
          [
            701,
            258
          ],
          [
            112,
            867
          ]
        ],
        "precision_at_k": {
          "p@1": 1.0,
          "p@5": 0.9484536082474226,
          "p@10": 0.9278350515463918
        }
      },
      "threshold_target_precision_0.90": {
        "threshold": 0.8424327138446999,
        "auprc": 0.8731324219231372,
        "roc_auc": 0.8916239997188081,
        "auprc_ci95": [
          0.8502242524493558,
          0.895042139598305
        ],
        "f1": 0.5376955903271693,
        "f1_ci95": [
          0.5036687845870055,
          0.5673857416405322
        ],
        "accuracy": 0.6646026831785345,
        "precision": 0.8852459016393442,
        "recall": 0.3861082737487232,
        "confusion_matrix": [
          [
            910,
            49
          ],
          [
            601,
            378
          ]
        ],
        "precision_at_k": {
          "p@1": 1.0,
          "p@5": 0.9484536082474226,
          "p@10": 0.9278350515463918
        }
      }
    },
    "random_forest": {
      "threshold_best_f1": {
        "threshold": 0.4766666666666667,
        "auprc": 0.919997764570218,
        "roc_auc": 0.9276000387703824,
        "auprc_ci95": [
          0.9025584478175456,
          0.9353632236275036
        ],
        "f1": 0.866,
        "f1_ci95": [
          0.8487201066818901,
          0.8816007482889852
        ],
        "accuracy": 0.8617131062951496,
        "precision": 0.8481880509304603,
        "recall": 0.8845760980592441,
        "confusion_matrix": [
          [
            804,
            155
          ],
          [
            113,
            866
          ]
        ],
        "precision_at_k": {
          "p@1": 1.0,
          "p@5": 0.979381443298969,
          "p@10": 0.979381443298969
        }
      },
      "threshold_target_precision_0.90": {
        "threshold": 0.7366666666666667,
        "auprc": 0.919997764570218,
        "roc_auc": 0.9276000387703824,
        "auprc_ci95": [
          0.9025584478175456,
          0.9353632236275036
        ],
        "f1": 0.7329650092081031,
        "f1_ci95": [
          0.7094305111311812,
          0.7568440748440749
        ],
        "accuracy": 0.7755417956656346,
        "precision": 0.9184615384615384,
        "recall": 0.609805924412666,
        "confusion_matrix": [
          [
            906,
            53
          ],
          [
            382,
            597
          ]
        ],
        "precision_at_k": {
          "p@1": 1.0,
          "p@5": 0.979381443298969,
          "p@10": 0.979381443298969
        }
      }
    },